ID,lon,lat,datetime
1,-143.2470842,32.32411879,1/7/03 16:01
1,-143.3835287,32.39484868,1/8/03 4:00
1,-143.4514523,32.4149029,1/8/03 11:10
1,-143.4875605,32.4125887,1/8/03 16:00
1,-143.5502619,32.36120706,1/9/03 4:00
1,-143.5938385,32.2727547,1/9/03 16:00
1,-143.6036317,32.25062909,1/9/03 18:46
1,-143.6395041,32.17813023,1/10/03 4:00
1,-143.691744,32.08862734,1/10/03 16:00
1,-143.7472209,32.0064843,1/11/03 4:00
1,-143.8027338,31.93430041,1/11/03 16:00
1,-143.855084,31.87525434,1/12/03 4:00
1,-143.8785804,31.85226672,1/12/03 9:53
1,-143.9009434,31.83320285,1/12/03 16:00
1,-143.9378793,31.81096493,1/13/03 4:00
1,-143.9641788,31.81054907,1/13/03 16:00
1,-143.9655557,31.8114049,1/13/03 16:50
1,-143.9806474,31.83209962,1/14/03 4:00
1,-143.9894639,31.84663339,1/14/03 9:50
1,-143.9918279,31.84990853,1/14/03 11:08
1,-144.0016071,31.86108753,1/14/03 16:00
1,-144.0314821,31.88111327,1/15/03 4:00
1,-144.0694336,31.8907495,1/15/03 16:00
1,-144.1102809,31.89051414,1/16/03 2:42
1,-144.1157147,31.88990052,1/16/03 4:00
1,-144.1702053,31.87935157,1/16/03 16:00
1,-144.2307541,31.86366946,1/17/03 4:00
1,-144.2951161,31.84789734,1/17/03 16:00
1,-144.361272,31.83706967,1/18/03 4:00
1,-144.3987374,31.83512991,1/18/03 10:47
1,-144.4274637,31.83612777,1/18/03 16:00
1,-144.4969029,31.83828324,1/19/03 4:00
1,-144.5788868,31.82232233,1/19/03 16:00
1,-144.5856939,31.81981206,1/19/03 16:53
1,-144.6696721,31.77422792,1/20/03 3:42
1,-144.6717111,31.77269422,1/20/03 4:00
1,-144.7061089,31.73640273,1/20/03 10:33
1,-144.7095431,31.72944359,1/20/03 11:41
1,-144.7149813,31.70084377,1/20/03 16:00
1,-144.683771,31.6098302,1/21/03 4:00
1,-144.6249551,31.51604665,1/21/03 16:00
1,-144.6137614,31.49757334,1/21/03 18:32
1,-144.583625,31.44479251,1/22/03 3:16
1,-144.5836165,31.44478021,1/22/03 3:16
1,-144.5813911,31.4416768,1/22/03 4:00
1,-144.5456157,31.42232014,1/22/03 16:00
1,-144.5085307,31.44339237,1/23/03 4:00
1,-144.4660012,31.47859451,1/23/03 16:00
1,-144.4135696,31.50244603,1/24/03 4:00
1,-144.3816287,31.50191529,1/24/03 10:05
1,-144.3472218,31.49012151,1/24/03 16:00
1,-144.2866831,31.44687249,1/25/03 4:00
1,-144.2770357,31.40889637,1/25/03 16:00
1,-144.2862781,31.40504146,1/25/03 18:35
1,-144.3348319,31.40385996,1/26/03 2:28
1,-144.3442468,31.40423241,1/26/03 4:00
1,-144.395878,31.4055211,1/26/03 16:00
1,-144.415408,31.40434434,1/27/03 4:00
1,-144.4113022,31.40118285,1/27/03 16:00
1,-144.3906273,31.39639993,1/28/03 4:00
1,-144.3594693,31.390263,1/28/03 16:00
1,-144.323294,31.38295928,1/29/03 4:00
1,-144.28727,31.37460696,1/29/03 16:00
1,-144.2565752,31.36526211,1/30/03 4:00
1,-144.2367025,31.35492205,1/30/03 16:00
1,-144.2337856,31.34352519,1/31/03 4:00
1,-144.2549614,31.3309474,1/31/03 16:00
1,-144.2606089,31.3289852,1/31/03 17:46
1,-144.263583,31.32803193,1/31/03 18:37
1,-144.2947683,31.31794412,2/1/03 3:05
1,-144.2973209,31.31668693,2/1/03 4:00
1,-144.3080999,31.30517061,2/1/03 11:03
1,-144.3081871,31.29509629,2/1/03 16:00
1,-144.2853338,31.27399405,2/2/03 4:00
1,-144.229086,31.27977221,2/2/03 16:00
1,-144.2118291,31.28758272,2/2/03 18:40
1,-144.1619873,31.32150927,2/3/03 2:42
1,-144.1575916,31.32639361,2/3/03 4:00
1,-144.1498358,31.34985567,2/3/03 11:47
1,-144.1465741,31.3628119,2/3/03 16:00
1,-144.1298433,31.40464578,2/4/03 4:00
1,-144.1228847,31.4467297,2/4/03 16:00
1,-144.1453832,31.47617844,2/5/03 2:19
1,-144.1528323,31.47995819,2/5/03 4:00
1,-144.193287,31.49248138,2/5/03 11:15
1,-144.2217304,31.49780119,2/5/03 16:00
1,-144.2906076,31.51461914,2/6/03 4:00
1,-144.3491047,31.56499799,2/6/03 16:00
1,-144.3601425,31.58503598,2/6/03 18:44
1,-144.3831344,31.64541202,2/7/03 1:54
1,-144.3869778,31.65639309,2/7/03 3:38
1,-144.3876965,31.6583005,2/7/03 4:00
1,-144.3957246,31.6463622,2/7/03 16:00
1,-144.3822951,31.53698913,2/8/03 4:00
1,-144.3592751,31.39569242,2/8/03 16:00
1,-144.3390086,31.29044508,2/9/03 3:16
1,-144.3379641,31.28580786,2/9/03 4:00
1,-144.3309427,31.25396904,2/9/03 10:34
1,-144.3304207,31.25067181,2/9/03 11:21
1,-144.3288568,31.23158585,2/9/03 16:00
1,-144.3319752,31.18634622,2/10/03 4:00
1,-144.3335385,31.1470232,2/10/03 16:00
1,-144.3330424,31.14348037,2/10/03 17:11
1,-144.3321377,31.13887842,2/10/03 18:45
1,-144.3321269,31.13882989,2/10/03 18:46
1,-144.3248803,31.11603913,2/11/03 2:52
1,-144.3236643,31.11295993,2/11/03 4:00
1,-144.317733,31.09720093,2/11/03 9:52
1,-144.3171072,31.0951848,2/11/03 10:37
1,-144.316174,31.0922257,2/11/03 11:43
1,-144.3110973,31.08081474,2/11/03 16:00
1,-144.2851022,31.04951032,2/12/03 4:00
1,-144.2446501,31.01824977,2/12/03 16:00
1,-144.1927295,30.9858386,2/13/03 4:00
1,-144.1316501,30.95101525,2/13/03 16:00
1,-144.0631796,30.91237684,2/14/03 4:00
1,-143.9886484,30.86829665,2/14/03 16:00
1,-143.9757101,30.86028993,2/14/03 18:00
1,-143.9217935,30.82382794,2/15/03 2:09
1,-143.9093726,30.81405607,2/15/03 4:00
1,-143.8692864,30.77778713,2/15/03 9:54
1,-143.8632098,30.77163235,2/15/03 10:47
1,-143.8276414,30.73206554,2/15/03 16:00
1,-143.7541251,30.62799032,2/16/03 4:00
1,-143.7063439,30.52261588,2/16/03 16:00
1,-143.702002,30.44004729,2/17/03 3:26
1,-143.7020073,30.44003087,2/17/03 3:26
1,-143.7031566,30.43674366,2/17/03 4:00
1,-143.7288052,30.40363012,2/17/03 10:46
1,-143.7341676,30.39989903,2/17/03 11:42
1,-143.7641981,30.38530963,2/17/03 16:00
1,-143.8803982,30.36685439,2/18/03 4:00
1,-144.0118943,30.38100785,2/18/03 16:00
1,-144.1116994,30.42425889,2/19/03 3:05
1,-144.1179792,30.42919833,2/19/03 4:00
1,-144.1531013,30.46303303,2/19/03 10:00
1,-144.1564159,30.46632917,2/19/03 10:37
1,-144.1581823,30.46813826,2/19/03 10:57
1,-144.1612996,30.47153108,2/19/03 11:33
1,-144.1822567,30.50197638,2/19/03 16:00
1,-144.2194114,30.61617386,2/20/03 4:00
1,-144.2261845,30.74342224,2/20/03 16:00
1,-144.2235544,30.76671315,2/20/03 18:24
1,-144.2093352,30.83240867,2/21/03 2:00
1,-144.2080052,30.83819858,2/21/03 2:43
1,-144.2057783,30.84846159,2/21/03 4:00
1,-144.1960352,30.8960991,2/21/03 10:13
1,-144.1945676,30.90244158,2/21/03 11:05
1,-144.1851929,30.93665315,2/21/03 16:00
1,-144.1580617,31.00183369,2/22/03 4:00
1,-144.1322097,31.02705184,2/22/03 16:00
1,-144.1298126,31.026569,2/22/03 17:20
1,-144.1286342,31.02603463,2/22/03 18:01
1,-144.1279253,31.0256233,2/22/03 18:26
1,-144.1147149,31.01470095,2/23/03 2:18
1,-144.1115512,31.0140321,2/23/03 4:00
1,-144.0984725,31.01856788,2/23/03 9:51
1,-144.09786,31.01890435,2/23/03 10:05
1,-144.0950181,31.02052184,2/23/03 11:08
1,-144.0809534,31.03046729,2/23/03 16:00
1,-144.0445739,31.07006428,2/24/03 4:00
1,-144.0152407,31.12627015,2/24/03 16:00
1,-144.0137168,31.13082763,2/24/03 16:52
1,-144.0017896,31.17117884,2/25/03 1:57
1,-143.9997509,31.17412151,2/25/03 3:38
1,-143.9992815,31.17445275,2/25/03 4:00
1,-143.9884351,31.16731146,2/25/03 10:22
1,-143.9727712,31.15322901,2/25/03 16:00
1,-143.9218995,31.1188374,2/26/03 4:00
1,-143.8536003,31.09118885,2/26/03 16:00
1,-143.8449279,31.08914479,2/26/03 17:23
1,-143.8377378,31.0877103,2/26/03 18:31
1,-143.7877213,31.0864554,2/27/03 3:16
1,-143.7846192,31.08736392,2/27/03 4:00
1,-143.7600911,31.0964696,2/27/03 10:12
1,-143.7581382,31.09679401,2/27/03 10:36
1,-143.7547038,31.09720891,2/27/03 11:17
1,-143.7542007,31.09725609,2/27/03 11:23
1,-143.7327435,31.09613489,2/27/03 16:00
1,-143.6891153,31.06970032,2/28/03 4:00
1,-143.6533092,31.02501679,2/28/03 16:00
1,-143.6467039,31.01641431,2/28/03 18:11
1,-143.6459868,31.01550116,2/28/03 18:25
1,-143.6236496,30.98465119,3/1/03 1:51
1,-143.6211152,30.97962727,3/1/03 2:52
1,-143.6185706,30.97365511,3/1/03 4:00
1,-143.6081181,30.9338808,3/1/03 10:12
1,-143.6076329,30.93139866,3/1/03 10:32
1,-143.6006781,30.88665452,3/1/03 16:00
1,-143.6027164,30.77849355,3/2/03 4:00
1,-143.6536219,30.69452568,3/2/03 16:00
1,-143.6645009,30.68833039,3/2/03 17:26
1,-143.6744994,30.68398196,3/2/03 18:38
1,-143.7448114,30.67215074,3/3/03 2:32
1,-143.7557258,30.67237754,3/3/03 4:00
1,-143.7922746,30.67666266,3/3/03 9:50
1,-143.7950908,30.67707697,3/3/03 10:18
1,-143.8022729,30.67807819,3/3/03 11:28
1,-143.832547,30.68178887,3/3/03 16:00
1,-143.922417,30.69216534,3/4/03 4:00
1,-144.0054852,30.70752195,3/4/03 16:00
1,-144.0115494,30.7092827,3/4/03 17:03
1,-144.0180436,30.71138543,3/4/03 18:14
1,-144.0501494,30.73018541,3/5/03 2:07
1,-144.0548447,30.73569649,3/5/03 4:00
1,-144.0638446,30.75738177,3/5/03 10:43
1,-144.0643813,30.76069395,3/5/03 11:41
1,-144.0664446,30.7768686,3/5/03 16:00
1,-144.070428,30.83007272,3/6/03 4:00
1,-144.0722049,30.88525815,3/6/03 16:00
1,-144.0721795,30.92792572,3/7/03 3:27
1,-144.0721389,30.92952751,3/7/03 4:00
1,-144.0686214,30.94518012,3/7/03 10:23
1,-144.0558179,30.95606395,3/7/03 16:00
1,-144.0065032,30.97590176,3/8/03 4:00
1,-143.9551006,30.99909522,3/8/03 16:00
1,-143.947438,31.00508976,3/8/03 18:26
1,-143.9292615,31.03205946,3/9/03 4:00
1,-143.9204736,31.0485245,3/9/03 10:52
1,-143.9119716,31.05580399,3/9/03 16:00
1,-143.8864638,31.05932565,3/10/03 4:00
1,-143.8605695,31.05519628,3/10/03 16:00
1,-143.8577352,31.05481533,3/10/03 17:31
1,-143.8411815,31.05426395,3/11/03 4:00
1,-143.8312665,31.0536419,3/11/03 10:30
1,-143.8215321,31.05167174,3/11/03 16:00
1,-143.7942219,31.04499127,3/12/03 4:00
1,-143.7564489,31.0409075,3/12/03 16:00
1,-143.7475685,31.04103242,3/12/03 18:21
1,-143.7069458,31.04516763,3/13/03 4:00
1,-143.6575867,31.0524485,3/13/03 16:00
1,-143.6263727,31.05248988,3/14/03 4:00
1,-143.6324057,31.03458153,3/14/03 16:00
1,-143.6413304,31.02664352,3/14/03 18:47
1,-143.6933832,30.98923865,3/15/03 4:00
1,-143.8005472,30.92407501,3/15/03 16:00
1,-143.9333415,30.8546598,3/16/03 4:00
1,-144.0726275,30.79632976,3/16/03 16:00
1,-144.1996509,30.76504006,3/17/03 4:00
1,-144.2542653,30.76516215,3/17/03 10:13
1,-144.2955976,30.77759935,3/17/03 16:00
1,-144.3565893,30.83479773,3/18/03 4:00
1,-144.394265,30.920542,3/18/03 16:00
1,-144.419711,31.01948599,3/19/03 4:00
1,-144.4345798,31.08381493,3/19/03 11:47
1,-144.443177,31.11713514,3/19/03 16:00
1,-144.4687894,31.2055199,3/20/03 4:00
1,-144.4919228,31.2859504,3/20/03 16:00
1,-144.507093,31.36005869,3/21/03 4:00
1,-144.5099193,31.40316841,3/21/03 11:24
1,-144.5084785,31.42912683,3/21/03 16:00
1,-144.4952149,31.49508545,3/22/03 4:00
1,-144.4734116,31.56096942,3/22/03 16:00
1,-144.470025,31.57038254,3/22/03 17:41
1,-144.4491937,31.62935437,3/23/03 4:00
1,-144.4283217,31.6995739,3/23/03 16:00
1,-144.4166705,31.76978284,3/24/03 4:00
1,-144.4206607,31.83812426,3/24/03 16:00
1,-144.4241196,31.85194742,3/24/03 18:30
1,-144.4464268,31.90315516,3/25/03 4:00
1,-144.4921578,31.96729527,3/25/03 16:00
1,-144.5529946,32.03477928,3/26/03 4:00
1,-144.6249504,32.11005976,3/26/03 16:00
1,-144.704696,32.19806441,3/27/03 4:00
1,-144.7521219,32.25555599,3/27/03 10:47
1,-144.7580071,32.2630655,3/27/03 11:37
1,-144.786979,32.30296114,3/27/03 16:00
1,-144.8550183,32.41213758,3/28/03 4:00
1,-144.9231587,32.51429038,3/28/03 16:00
1,-144.939096,32.53358804,3/28/03 18:28
1,-144.9996217,32.59600166,3/29/03 2:37
1,-145.0111846,32.6074912,3/29/03 4:00
1,-145.1275605,32.7190886,3/29/03 16:00
1,-145.272687,32.82907172,3/30/03 4:00
1,-145.4477921,32.9043449,3/30/03 16:00
1,-145.4678605,32.90879804,3/30/03 17:15
1,-145.617907,32.92386986,3/31/03 2:19
1,-145.617952,32.92387208,3/31/03 2:19
1,-145.6448745,32.92518381,3/31/03 4:00
1,-145.751857,32.93182158,3/31/03 11:00
1,-145.8248429,32.93995221,3/31/03 16:00
1,-145.9803297,32.96926075,4/1/03 4:00
1,-146.0856787,33.00333895,4/1/03 16:00
1,-146.0991531,33.01036129,4/1/03 18:38
1,-146.1258258,33.03251829,4/2/03 4:00
1,-146.1507753,33.04561376,4/2/03 10:08
1,-146.198444,33.0583754,4/2/03 16:00
1,-146.3394709,33.09652194,4/3/03 4:00
1,-146.4645708,33.17257626,4/3/03 16:00
1,-146.4760042,33.18832965,4/3/03 17:44
1,-146.4999888,33.28965602,4/4/03 3:14
1,-146.4996318,33.2977688,4/4/03 4:00
1,-146.4853714,33.37057246,4/4/03 11:24
1,-146.4706833,33.41282536,4/4/03 16:00
1,-146.4216846,33.51511846,4/5/03 4:00
1,-146.366341,33.60535556,4/5/03 16:00
1,-146.3158582,33.68218276,4/6/03 5:00
1,-146.2817296,33.74344728,4/6/03 17:00
1,-146.2764166,33.78607234,4/7/03 5:00
1,-146.3140856,33.80588007,4/7/03 17:00
1,-146.3242308,33.80655544,4/7/03 18:46
1,-146.3861249,33.80027614,4/8/03 3:30
1,-146.3965923,33.79751233,4/8/03 5:00
1,-146.4332504,33.78330065,4/8/03 11:37
1,-146.4461591,33.7749686,4/8/03 17:00
1,-146.4264719,33.76850345,4/9/03 5:00
1,-146.3628844,33.77021244,4/9/03 17:00
1,-146.2833234,33.77008947,4/10/03 4:44
1,-146.2815012,33.76999128,4/10/03 5:00
1,-146.2394324,33.76625644,4/10/03 11:09
1,-146.2374479,33.76602352,4/10/03 11:26
1,-146.2283611,33.76493981,4/10/03 12:43
1,-146.1969884,33.76173912,4/10/03 17:00
1,-146.0991108,33.75453495,4/11/03 5:00
1,-145.9822535,33.74407574,4/11/03 17:00
1,-145.9614229,33.7415998,4/11/03 18:55
1,-145.8612214,33.72211987,4/12/03 4:29
1,-145.8569467,33.7205529,4/12/03 5:00
1,-145.8045548,33.67191907,4/12/03 17:00
1,-145.816554,33.62337215,4/13/03 5:00
1,-145.8580536,33.60974839,4/13/03 17:00
1,-145.8621113,33.61147558,4/13/03 18:05
1,-145.9001011,33.63574898,4/14/03 4:02
1,-145.9042539,33.63639051,4/14/03 5:00
1,-145.9320545,33.63090505,4/14/03 11:34
1,-145.948389,33.62541559,4/14/03 17:00
1,-145.9694827,33.62121706,4/15/03 5:00
1,-145.9967426,33.6236766,4/15/03 17:00
1,-146.0530015,33.6274965,4/16/03 3:40
1,-146.0633799,33.62791959,4/16/03 5:00
1,-146.1119111,33.63136049,4/16/03 10:50
1,-146.1177365,33.63220695,4/16/03 11:35
1,-146.1251252,33.6335052,4/16/03 12:35
1,-146.1539321,33.63886466,4/16/03 17:00
1,-146.205816,33.6504279,4/17/03 5:00
1,-146.2281595,33.66232636,4/17/03 17:00
1,-146.2291801,33.66378534,4/17/03 18:13
1,-146.2301642,33.66568075,4/17/03 19:43
1,-146.2303547,33.67436756,4/18/03 3:17
1,-146.2294961,33.6752061,4/18/03 5:00
1,-146.2206573,33.66738134,4/18/03 17:00
1,-146.2223049,33.64662733,4/19/03 5:00
1,-146.256727,33.62788318,4/19/03 17:00
1,-146.2611127,33.62700563,4/19/03 17:52
1,-146.3353983,33.6235765,4/20/03 5:00
1,-146.376305,33.6270206,4/20/03 10:53
1,-146.410683,33.63387089,4/20/03 17:00
1,-146.4565273,33.65452959,4/21/03 5:00
1,-146.4855483,33.68073012,4/21/03 17:00
1,-146.5110387,33.70792427,4/22/03 5:00
1,-146.5294663,33.72246445,4/22/03 12:00
1,-146.5458416,33.73170464,4/22/03 17:00
1,-146.5948285,33.75057053,4/23/03 5:00
1,-146.6531085,33.76660353,4/23/03 17:00
1,-146.7156808,33.78196052,4/24/03 5:00
1,-146.7470046,33.79002238,4/24/03 10:59
1,-146.7777871,33.79870227,4/24/03 17:00
1,-146.8343723,33.81765179,4/25/03 5:00
1,-146.8797863,33.83844667,4/25/03 17:00
1,-146.8841249,33.84100796,4/25/03 18:25
1,-146.9090695,33.86076424,4/26/03 5:00
1,-146.9241253,33.88430025,4/26/03 17:00
1,-146.9287825,33.90879673,4/27/03 5:00
1,-146.9262576,33.93405192,4/27/03 17:00
1,-146.9193421,33.95990833,4/28/03 5:00
1,-146.9105677,33.98624347,4/28/03 17:00
1,-146.9023561,34.01296254,4/29/03 5:00
1,-146.8971623,34.03999291,4/29/03 17:00
1,-146.8976197,34.06727977,4/30/03 5:00
1,-146.9066965,34.09478295,4/30/03 17:00
1,-146.9278708,34.12247446,5/1/03 5:00
1,-146.9653365,34.15033696,5/1/03 17:00
1,-147.0184723,34.17605996,5/2/03 4:01
1,-147.0242467,34.17836194,5/2/03 5:00
1,-147.0726171,34.19596799,5/2/03 12:42
1,-147.0991666,34.2050289,5/2/03 17:00
1,-147.1654519,34.22538433,5/3/03 5:00
1,-147.2169061,34.23535847,5/3/03 17:00
1,-147.2214444,34.23563503,5/3/03 18:19
1,-147.247049,34.23450411,5/4/03 3:11
1,-147.2517005,34.23417079,5/4/03 5:00
1,-147.2683433,34.23084427,5/4/03 11:09
1,-147.2710952,34.2297332,5/4/03 12:03
1,-147.272566,34.22908307,5/4/03 12:31
1,-147.2880489,34.22066485,5/4/03 17:00
1,-147.3331394,34.1834411,5/5/03 5:00
1,-147.3628467,34.13562527,5/5/03 17:00
1,-147.3500809,34.09040143,5/6/03 5:00
1,-147.3166695,34.0721943,5/6/03 11:17
1,-147.3132776,34.07106875,5/6/03 11:45
1,-147.2674003,34.06041823,5/6/03 17:00
1,-147.1348424,34.04815934,5/7/03 5:00
1,-147.0216774,34.04920482,5/7/03 17:00
1,-147.0132305,34.04999772,5/7/03 18:22
1,-146.9916195,34.0622011,5/8/03 4:35
1,-146.9923282,34.06305594,5/8/03 5:00
1,-147.0117191,34.07990527,5/8/03 11:59
1,-147.0172736,34.09051471,5/8/03 17:00
1,-146.9923772,34.10324858,5/9/03 5:00
1,-146.9402704,34.0940392,5/9/03 17:00
1,-146.9279138,34.08825685,5/9/03 19:44
1,-146.895687,34.06408934,5/10/03 4:09
1,-146.8932671,34.0615925,5/10/03 5:00
1,-146.8856998,34.04359173,5/10/03 11:21
1,-146.9020714,34.0270237,5/10/03 17:00
1,-146.997876,33.99386101,5/11/03 5:00
1,-147.1404126,33.97445675,5/11/03 17:00
1,-147.2648618,33.97897784,5/12/03 3:01
1,-147.2877916,33.98293404,5/12/03 5:00
1,-147.3495136,34.00228366,5/12/03 11:07
1,-147.3913134,34.03029615,5/12/03 17:00
1,-147.4488427,34.0931901,5/13/03 5:00
1,-147.5278814,34.11934132,5/13/03 17:00
1,-147.5417834,34.1174768,5/13/03 18:24
1,-147.5499824,34.11588747,5/13/03 19:10
1,-147.6561948,34.07647073,5/14/03 3:26
1,-147.6767357,34.06605022,5/14/03 5:00
1,-147.7608212,34.02257819,5/14/03 11:29
1,-147.7673424,34.01966238,5/14/03 11:58
1,-147.7691551,34.01887042,5/14/03 12:06
1,-147.8399598,33.99311647,5/14/03 17:00
1,-148.0371119,33.95694367,5/15/03 5:00
1,-148.2429293,33.95854296,5/15/03 17:00
1,-148.260055,33.96047587,5/15/03 18:02
1,-148.2666352,33.9613017,5/15/03 18:26
1,-148.4232146,33.99043407,5/16/03 4:43
1,-148.4271441,33.99126141,5/16/03 5:00
1,-148.5200488,34.00494285,5/16/03 12:00
1,-148.5862659,34.00050614,5/16/03 17:00
1,-148.7499011,33.94747144,5/17/03 5:00
1,-148.9176124,33.86405837,5/17/03 17:00
1,-148.9492653,33.8479016,5/17/03 19:15
1,-149.0558504,33.78976447,5/18/03 3:18
1,-149.0681674,33.78106944,5/18/03 4:24
1,-149.0745376,33.77618774,5/18/03 5:00
1,-149.1425272,33.71563085,5/18/03 12:21
1,-149.1885208,33.68565045,5/18/03 17:00
1,-149.3271585,33.64353663,5/19/03 5:00
1,-149.4743441,33.63584611,5/19/03 17:00
1,-149.5844264,33.64194495,5/20/03 2:54
1,-149.6051195,33.64370114,5/20/03 5:00
1,-149.6634655,33.65162463,5/20/03 10:53
1,-149.7350837,33.66875556,5/20/03 17:00
1,-149.9020898,33.71729911,5/21/03 5:00
1,-150.077554,33.75715221,5/21/03 17:00
1,-150.0996689,33.75994023,5/21/03 18:35
1,-150.2184311,33.76715916,5/22/03 3:39
1,-150.2352027,33.76851851,5/22/03 5:00
1,-150.3139942,33.77854173,5/22/03 11:43
1,-150.3219547,33.77977651,5/22/03 12:27
1,-150.3682927,33.78726841,5/22/03 17:00
1,-150.47785,33.80126534,5/23/03 5:00
1,-150.5991427,33.79616473,5/23/03 17:00
1,-150.6133913,33.79405728,5/23/03 18:12
1,-150.7553825,33.76888224,5/24/03 5:00
1,-150.8291527,33.76367192,5/24/03 10:56
1,-150.8409,33.76423448,5/24/03 11:59
1,-150.8496152,33.76459298,5/24/03 12:46
1,-150.8968212,33.76410649,5/24/03 17:00
1,-151.028593,33.74535759,5/25/03 5:00
1,-151.1499044,33.71251655,5/25/03 17:00
1,-151.1576882,33.71007736,5/25/03 17:50
1,-151.1720076,33.7055234,5/25/03 19:24
1,-151.2521065,33.68127611,5/26/03 5:00
1,-151.3100964,33.67014885,5/26/03 11:36
1,-151.3659107,33.66558539,5/26/03 17:00
1,-151.5062199,33.66999381,5/27/03 5:00
1,-151.6394372,33.69342549,5/27/03 17:00
1,-151.6545555,33.69790879,5/27/03 18:35
1,-151.7349705,33.73397818,5/28/03 5:00
1,-151.7697728,33.75813489,5/28/03 11:08
1,-151.7733647,33.76099223,5/28/03 11:51
1,-151.7966428,33.78212918,5/28/03 17:00
1,-151.838607,33.83344118,5/29/03 5:00
1,-151.8744413,33.88248409,5/29/03 17:00
1,-151.8821045,33.89151358,5/29/03 19:25
1,-151.9132395,33.9202745,5/30/03 3:47
1,-151.9187156,33.92425934,5/30/03 5:00
1,-151.9584587,33.94396727,5/30/03 12:43
1,-151.9824132,33.94667836,5/30/03 17:00
1,-152.0463558,33.92766441,5/31/03 5:00
1,-152.0885706,33.8940763,5/31/03 17:00
1,-152.091022,33.89066203,5/31/03 18:23
1,-152.0937445,33.87346169,6/1/03 3:24
1,-152.0924075,33.87095816,6/1/03 5:00
1,-152.087354,33.85961386,6/1/03 11:06
1,-152.0871391,33.85737049,6/1/03 12:00
1,-152.090729,33.84233831,6/1/03 17:00
1,-152.1231521,33.79415647,6/2/03 5:00
1,-152.1675986,33.74070972,6/2/03 17:00
1,-152.1704582,33.73717219,6/2/03 17:50
1,-152.1708526,33.73668074,6/2/03 17:57
1,-152.2056206,33.69272201,6/3/03 5:00
1,-152.2298917,33.66641295,6/3/03 11:32
1,-152.2563001,33.64252317,6/3/03 17:00
1,-152.3333163,33.58609769,6/4/03 5:00
1,-152.4319051,33.53003032,6/4/03 17:00
1,-152.4467288,33.52281801,6/4/03 18:38
1,-152.5356148,33.48315283,6/5/03 4:24
1,-152.5406122,33.48092537,6/5/03 5:00
1,-152.589328,33.4576773,6/5/03 11:06
1,-152.5979943,33.45316268,6/5/03 12:09
1,-152.603198,33.45039427,6/5/03 12:46
1,-152.6407451,33.42940261,6/5/03 17:00
1,-152.7485714,33.36133006,6/6/03 5:00
1,-152.8187913,33.30578793,6/6/03 17:00
1,-152.8209824,33.30317865,6/6/03 17:51
1,-152.8296632,33.29149352,6/7/03 3:41
1,-152.8316598,33.29273827,6/7/03 5:00
1,-152.8526862,33.31113223,6/7/03 12:05
1,-152.8538733,33.312335,6/7/03 12:23
1,-152.8744308,33.33450228,6/7/03 17:00
1,-152.9483789,33.40430439,6/8/03 5:00
1,-153.0538001,33.44291374,6/8/03 17:00
1,-153.0716581,33.44223601,6/8/03 18:43
1,-153.0822091,33.44090671,6/8/03 19:42
1,-153.168009,33.40632989,6/9/03 3:12
1,-153.1895686,33.39152607,6/9/03 5:00
1,-153.2744779,33.3282357,6/9/03 12:00
1,-153.2837404,33.32242577,6/9/03 12:46
1,-153.3346176,33.29746294,6/9/03 17:00
1,-153.4780226,33.2725363,6/10/03 5:00
1,-153.6240986,33.26878977,6/10/03 17:00
1,-153.6350942,33.26775362,6/10/03 17:53
1,-153.6388382,33.26735195,6/10/03 18:11
1,-153.655681,33.26525177,6/10/03 19:32
1,-153.772164,33.24511417,6/11/03 5:00
1,-153.859092,33.2396422,6/11/03 11:34
1,-153.8683216,33.2400903,6/11/03 12:13
1,-153.9399804,33.25080493,6/11/03 17:00
1,-154.13474,33.32166205,6/12/03 5:00
1,-154.3180963,33.42400692,6/12/03 17:00
1,-154.3409751,33.43899764,6/12/03 18:43
1,-154.4453418,33.51643241,6/13/03 4:29
1,-154.4494424,33.51992934,6/13/03 5:00
1,-154.4931942,33.55787332,6/13/03 11:07
1,-154.495827,33.55998818,6/13/03 11:28
1,-154.5439958,33.59441862,6/13/03 17:00
1,-154.6843264,33.66476026,6/14/03 5:00
1,-154.860472,33.70418776,6/14/03 17:00
1,-154.8747138,33.70501853,6/14/03 17:54
1,-155.0292621,33.6978259,6/15/03 3:31
1,-155.0397311,33.69681967,6/15/03 4:11
1,-155.0524523,33.69558847,6/15/03 5:00
1,-155.1615974,33.68453215,6/15/03 12:24
1,-155.2227727,33.67762474,6/15/03 17:00
1,-155.3561791,33.65637606,6/16/03 5:00
1,-155.4496485,33.62382293,6/16/03 17:00
1,-155.4602427,33.61723955,6/16/03 18:51
1,-155.4964432,33.58054431,6/17/03 3:00
1,-155.5037416,33.56901016,6/17/03 5:00
1,-155.5283877,33.52845159,6/17/03 11:33
1,-155.5300856,33.52606728,6/17/03 11:57
1,-155.5543821,33.49859678,6/17/03 17:00
1,-155.6253379,33.45388294,6/18/03 5:00
1,-155.6963271,33.44129218,6/18/03 17:00
1,-155.7014393,33.44184225,6/18/03 17:59
1,-155.7096968,33.44331943,6/18/03 19:38
1,-155.7463299,33.45883605,6/19/03 3:00
1,-155.7572155,33.46626223,6/19/03 5:00
1,-155.7971378,33.50139258,6/19/03 11:32
1,-155.8028191,33.50718886,6/19/03 12:23
1,-155.8354248,33.5421828,6/19/03 17:00
1,-155.9397144,33.64678594,6/20/03 5:00
1,-156.087204,33.73881272,6/20/03 17:00
1,-156.1020834,33.74462572,6/20/03 18:00
1,-156.2781486,33.79697766,6/21/03 4:46
1,-156.2819661,33.79827144,6/21/03 5:00
1,-156.3776863,33.83656241,6/21/03 11:06
1,-156.3856937,33.84004992,6/21/03 11:38
1,-156.4019885,33.84720129,6/21/03 12:44
1,-156.4618506,33.87457171,6/21/03 17:00
1,-156.6013272,33.95005404,6/22/03 5:00
1,-156.6970016,34.0270335,6/22/03 17:00
1,-156.7120816,34.04493651,6/22/03 19:41
1,-156.7443694,34.09771155,6/23/03 3:23
1,-156.7479261,34.10471146,6/23/03 4:24
1,-156.7500157,34.10884359,6/23/03 5:00
1,-156.76938,34.14965378,6/23/03 10:53
1,-156.7844328,34.19309039,6/23/03 17:00
1,-156.7978174,34.28103684,6/24/03 5:00
1,-156.7921534,34.37140239,6/24/03 17:00
1,-156.7897162,34.38546333,6/24/03 18:51
1,-156.7755474,34.44906548,6/25/03 2:48
1,-156.7731219,34.4596458,6/25/03 3:59
1,-156.7709862,34.46907877,6/25/03 5:00
1,-156.7571224,34.53377696,6/25/03 11:43
1,-156.7567252,34.53577255,6/25/03 11:56
1,-156.7493504,34.57867352,6/25/03 17:00
1,-156.7563647,34.65820439,6/26/03 5:00
1,-156.8222528,34.72190298,6/26/03 17:00
1,-156.8367349,34.72992084,6/26/03 18:33
1,-156.9368633,34.77846922,6/27/03 3:13
1,-156.9580823,34.7899683,6/27/03 5:00
1,-157.0235603,34.82970884,6/27/03 10:54
1,-157.0299042,34.83376187,6/27/03 11:31
1,-157.0825256,34.86743839,6/27/03 17:00
1,-157.1865753,34.92478753,6/28/03 5:00
1,-157.3033925,34.95560688,6/28/03 17:00
1,-157.3167208,34.9569658,6/28/03 18:10
1,-157.3259446,34.9577038,6/28/03 18:57
1,-157.4596074,34.96066978,6/29/03 5:00
1,-157.5622397,34.96727934,6/29/03 12:44
1,-157.6108232,34.97749665,6/29/03 17:00
1,-157.7174658,35.0253145,6/30/03 5:00
1,-157.7967264,35.07819496,6/30/03 17:00
1,-157.8034357,35.0823367,6/30/03 18:07
1,-157.8664448,35.11294371,7/1/03 5:00
1,-157.8995428,35.12565744,7/1/03 11:02
1,-157.9068217,35.1283959,7/1/03 12:23
1,-157.9085531,35.12902557,7/1/03 12:42
1,-157.9333939,35.13694117,7/1/03 17:00
1,-158.014132,35.15434108,7/2/03 5:00
1,-158.1078696,35.1686172,7/2/03 17:00
1,-158.125425,35.17116429,7/2/03 19:07
1,-158.2032789,35.18547558,7/3/03 4:11
1,-158.2104813,35.18736047,7/3/03 5:00
1,-158.2755744,35.20910426,7/3/03 11:58
1,-158.3300005,35.23114582,7/3/03 17:00
1,-158.484239,35.30166303,7/4/03 5:00
1,-158.6636518,35.39072465,7/4/03 17:00
1,-158.690758,35.40453218,7/4/03 18:43
1,-158.8223154,35.47371605,7/5/03 2:58
1,-158.8539683,35.49149457,7/5/03 5:00
1,-158.9448624,35.54821012,7/5/03 11:08
1,-158.9502627,35.55196839,7/5/03 11:31
1,-158.9644623,35.56206969,7/5/03 12:32
1,-158.9674694,35.56424314,7/5/03 12:45
1,-159.0251786,35.60803245,7/5/03 17:00
1,-159.1760214,35.7399833,7/6/03 5:00
1,-159.311088,35.87541374,7/6/03 17:00
1,-159.4118555,35.98167908,7/7/03 2:53
1,-159.4321536,36.00318803,7/7/03 5:00
1,-159.48674,36.07313756,7/7/03 12:01
1,-159.5048274,36.12394329,7/7/03 17:00
1,-159.5008543,36.25033258,7/8/03 5:00
1,-159.4991863,36.37707031,7/8/03 17:00
1,-159.5016543,36.38674847,7/8/03 17:56
1,-159.5024636,36.38950597,7/8/03 18:12
1,-159.5489493,36.47342186,7/9/03 2:59
1,-159.5630471,36.48928348,7/9/03 5:00
1,-159.6613852,36.55348481,7/9/03 17:00
1,-159.7801402,36.57637431,7/10/03 5:00
1,-159.9142384,36.57053869,7/10/03 17:00
1,-160.059514,36.54690474,7/11/03 5:00
1,-160.1471523,36.52903269,7/11/03 11:56
1,-160.1494986,36.52854106,7/11/03 12:07
1,-160.2122151,36.51522132,7/11/03 17:00
1,-160.36266,36.48048106,7/12/03 5:00
1,-160.4945212,36.44238783,7/12/03 17:00
1,-160.5127057,36.43594332,7/12/03 18:55
1,-160.5952844,36.39942829,7/13/03 5:00
1,-160.6419827,36.37257069,7/13/03 11:22
1,-160.6839643,36.34516097,7/13/03 17:00
1,-160.7800258,36.27239146,7/14/03 5:00
1,-160.8900415,36.17478053,7/14/03 17:00
1,-160.911385,36.15443479,7/14/03 19:07
1,-161.0163506,36.05110543,7/15/03 5:00
1,-161.0898779,35.98019553,7/15/03 12:14
1,-161.1326487,35.94187915,7/15/03 17:00
1,-161.22416,35.86712899,7/16/03 5:00
1,-161.3070372,35.79708173,7/16/03 17:00
1,-161.3149416,35.78964289,7/16/03 18:07
1,-161.3739987,35.72242661,7/17/03 2:54
1,-161.3849555,35.70433211,7/17/03 5:00
1,-161.4145003,35.64571867,7/17/03 11:28
1,-161.4188939,35.63740097,7/17/03 12:22
1,-161.4443836,35.59500114,7/17/03 17:00
1,-161.5250697,35.48908914,7/18/03 5:00
1,-161.6089352,35.38976994,7/18/03 17:00
1,-161.6223676,35.37304439,7/18/03 19:07
1,-161.680603,35.29807756,7/19/03 5:00
1,-161.7281191,35.24798739,7/19/03 11:55
1,-161.7309004,35.24549112,7/19/03 12:16
1,-161.772489,35.21215758,7/19/03 17:00
1,-161.8975327,35.13456054,7/20/03 5:00
1,-162.0184807,35.07532027,7/20/03 17:00
1,-162.0359405,35.06779215,7/20/03 19:04
1,-162.0904529,35.04561709,7/21/03 3:04
1,-162.0930868,35.04451945,7/21/03 3:32
1,-162.1011854,35.04113916,7/21/03 5:00
1,-162.1430621,35.02810949,7/21/03 11:32
1,-162.1433362,35.02805452,7/21/03 11:34
1,-162.1990743,35.02105328,7/21/03 17:00
1,-162.375217,35.02080628,7/22/03 5:00
1,-162.5682247,35.0454552,7/22/03 17:00
1,-162.5927754,35.05123405,7/22/03 18:41
1,-162.7064719,35.09000366,7/23/03 3:26
1,-162.7258004,35.09814407,7/23/03 5:00
1,-162.804353,35.13486742,7/23/03 11:04
1,-162.892956,35.18240986,7/23/03 17:00
1,-163.0868271,35.2991123,7/24/03 5:00
1,-163.2482356,35.4083603,7/24/03 17:00
1,-163.2618673,35.41855497,7/24/03 18:23
1,-163.3201001,35.46759777,7/25/03 3:02
1,-163.3285149,35.47589353,7/25/03 5:00
1,-163.3554326,35.49986454,7/25/03 11:39
1,-163.3587903,35.50218137,7/25/03 12:20
1,-163.3877923,35.51816555,7/25/03 17:00
1,-163.4893154,35.55628268,7/26/03 5:00
1,-163.5771667,35.57933374,7/26/03 17:00
1,-163.5815034,35.58008736,7/26/03 17:56
1,-163.5866268,35.58081818,7/26/03 19:13
1,-163.5966492,35.57686253,7/27/03 3:51
1,-163.5955284,35.5757973,7/27/03 4:41
1,-163.5950257,35.57536443,7/27/03 5:00
1,-163.5852424,35.56558796,7/27/03 10:52
1,-163.5849145,35.56376422,7/27/03 11:55
1,-163.5851249,35.56281371,7/27/03 12:31
1,-163.5957512,35.55870066,7/27/03 17:00
1,-163.6801323,35.57225477,7/28/03 5:00
1,-163.7924723,35.61878559,7/28/03 17:00
1,-163.8046212,35.62644023,7/28/03 18:26
1,-163.8112529,35.63099112,7/28/03 19:15
1,-163.8616113,35.67363562,7/29/03 3:02
1,-163.8704814,35.68186927,7/29/03 5:00
1,-163.8974334,35.70034436,7/29/03 11:30
1,-163.929323,35.70932693,7/29/03 17:00
1,-164.0226287,35.71516387,7/30/03 5:00
1,-164.1146384,35.70913143,7/30/03 17:00
1,-164.1261709,35.70764769,7/30/03 18:52
1,-164.1739631,35.70355294,7/31/03 5:00
1,-164.2000756,35.71286682,7/31/03 11:02
1,-164.208389,35.7182494,7/31/03 12:45
1,-164.2294329,35.73622393,7/31/03 17:00
1,-164.2940695,35.80770533,8/1/03 5:00
1,-164.3748382,35.87625604,8/1/03 17:00
1,-164.3866316,35.88248324,8/1/03 18:30
1,-164.4594971,35.91024831,8/2/03 3:03
1,-164.476344,35.91749432,8/2/03 5:00
1,-164.5347017,35.9465455,8/2/03 11:50
1,-164.5388253,35.94860277,8/2/03 12:19
1,-164.5790068,35.96775631,8/2/03 17:00
1,-164.6779965,36.01954069,8/3/03 5:00
1,-164.756763,36.09769146,8/3/03 17:00
1,-164.7623929,36.10734,8/3/03 18:07
1,-164.7680157,36.11824954,8/3/03 19:19
1,-164.8009411,36.21962792,8/4/03 5:00
1,-164.8257913,36.28722741,8/4/03 10:55
1,-164.8265238,36.2887521,8/4/03 11:03
1,-164.8314726,36.29867233,8/4/03 11:55
1,-164.835943,36.30756717,8/4/03 12:41
1,-164.8591028,36.36225037,8/4/03 17:00
1,-164.9060209,36.54135216,8/5/03 5:00
1,-164.9316669,36.72322526,8/5/03 17:00
1,-164.9347035,36.75621114,8/5/03 19:26
1,-164.9368425,36.84989839,8/6/03 3:03
1,-164.936707,36.85154595,8/6/03 3:11
1,-164.9341287,36.87365242,8/6/03 5:00
1,-164.9132397,36.95083617,8/6/03 11:27
1,-164.9110119,36.95610114,8/6/03 11:55
1,-164.8809288,37.00919357,8/6/03 17:00
1,-164.7777194,37.11046503,8/7/03 5:00
1,-164.6515923,37.19335465,8/7/03 17:00
1,-164.5496428,37.26055661,8/8/03 2:51
1,-164.5292144,37.27625473,8/8/03 5:00
1,-164.4801686,37.32608163,8/8/03 11:03
1,-164.4699904,37.34164062,8/8/03 12:41
1,-164.4494586,37.38648298,8/8/03 17:00
1,-164.4211739,37.52550185,8/9/03 5:00
1,-164.38989,37.65452165,8/9/03 17:00
1,-164.3827296,37.66824043,8/9/03 18:32
1,-164.3221855,37.72791864,8/10/03 3:03
1,-164.3192247,37.72959053,8/10/03 3:22
1,-164.3133086,37.73273636,8/10/03 3:59
1,-164.3031908,37.73762936,8/10/03 5:00
1,-164.2324068,37.76447777,8/10/03 12:02
1,-164.196548,37.78004136,8/10/03 17:00
1,-164.1604211,37.81244158,8/11/03 5:00
1,-164.1612248,37.84007842,8/11/03 17:00
1,-164.1621626,37.84522971,8/11/03 19:22
1,-164.1663058,37.8593545,8/12/03 3:31
1,-164.1684342,37.86040026,8/12/03 5:00
1,-164.1766038,37.86409234,8/12/03 11:54
1,-164.1688565,37.87429075,8/12/03 17:00
1,-164.1252438,37.9188879,8/13/03 5:00
1,-164.1194882,37.96187426,8/13/03 17:00
1,-164.1233754,37.96409005,8/13/03 17:57
1,-164.1265138,37.96545632,8/13/03 18:36
1,-164.174394,37.97379404,8/14/03 3:05
1,-164.1794023,37.97358988,8/14/03 5:00
1,-164.182627,37.96986016,8/14/03 11:28
1,-164.1829547,37.96940256,8/14/03 12:05
1,-164.1857368,37.96441425,8/14/03 17:00
1,-164.1882778,37.94428018,8/15/03 5:00
1,-164.174723,37.91834121,8/15/03 17:00
1,-164.1688804,37.91300037,8/15/03 19:25
1,-164.13663,37.89315412,8/16/03 5:00
1,-164.1157657,37.88280787,8/16/03 11:02
1,-164.1147942,37.88233146,8/16/03 11:21
1,-164.1012312,37.87535245,8/16/03 17:00
1,-164.0875173,37.86650965,8/17/03 5:00
1,-164.0751329,37.85782631,8/17/03 17:00
1,-164.0722417,37.8561074,8/17/03 18:39
1,-164.0718282,37.85586707,8/17/03 18:52
1,-164.0489651,37.84463084,8/18/03 5:00
1,-164.0377179,37.84372749,8/18/03 12:18
1,-164.0372344,37.84949377,8/18/03 17:00
1,-164.0478763,37.8692543,8/19/03 5:00
1,-164.0421905,37.85302147,8/19/03 17:00
1,-164.0382195,37.84570093,8/19/03 18:30
1,-164.035193,37.84025792,8/19/03 19:28
1,-164.0110089,37.80589721,8/20/03 3:22
1,-164.0074649,37.80621577,8/20/03 5:00
1,-164.0046771,37.82573791,8/20/03 11:27
1,-164.005324,37.82717876,8/20/03 11:53
1,-164.0208565,37.83957672,8/20/03 17:00
1,-164.089188,37.84238785,8/21/03 5:00
1,-164.1445391,37.82399997,8/21/03 17:00
1,-164.1463923,37.82199493,8/21/03 18:03
1,-164.147162,37.82081218,8/21/03 18:40
1,-164.1386804,37.80327767,8/22/03 3:51
1,-164.1194715,37.78926625,8/22/03 11:26
1,-164.1170457,37.78769351,8/22/03 12:18